client_id,num_train_windows,fault_positive_windows,fault_negative_windows,fault_rate,fault_pos_weight
0,2746.0,496.0,2250.0,0.18062636562272397,4.536290322580645
1,2514.0,496.0,2018.0,0.19729514717581542,4.068548387096774
2,2639.0,496.0,2143.0,0.18794998105342933,4.320564516129032
3,3044.0,496.0,2548.0,0.16294349540078842,5.137096774193548
4,3079.0,496.0,2583.0,0.1610912633972069,5.207661290322581
